Intensity,Model,Corrections,Request Type,Cosine Similarity
low,DT without PR3,No correction,ID_LoginActionServlet_handlePOSTRequest,0.7372282164215926
low,DT without PR3,No correction,ID_CategoryServlet_handleGETRequest,0.74739888814569
low,DT without PR3,No correction,ID_ProductServlet_handleGETRequest,0.8713719762438982
low,DT without PR3,No correction,ID_CartActionServlet_handleGETRequest,0.7977928060394395
low,DT without PR3,No correction,ID_ProfileServlet_handleGETRequest,0.8597243779209952
low,DT without PR3,One correction,ID_LoginActionServlet_handlePOSTRequest,0.7718407092308744
low,DT without PR3,One correction,ID_CategoryServlet_handleGETRequest,0.8693410124352473
low,DT without PR3,One correction,ID_ProductServlet_handleGETRequest,0.8723426831799871
low,DT without PR3,One correction,ID_CartActionServlet_handleGETRequest,0.7827525626770968
low,DT without PR3,One correction,ID_ProfileServlet_handleGETRequest,0.8945041666195054
low,Ridge with old config,One correction,ID_LoginActionServlet_handlePOSTRequest,0.6817259311051728
low,Ridge with old config,One correction,ID_CategoryServlet_handleGETRequest,0.833551588485869
low,Ridge with old config,One correction,ID_ProductServlet_handleGETRequest,0.8544907404603386
low,Ridge with old config,One correction,ID_CartActionServlet_handleGETRequest,0.822856502701173
low,Ridge with old config,One correction,ID_ProfileServlet_handleGETRequest,0.8648600868420483
low,Ridge with old config,No correction,ID_LoginActionServlet_handlePOSTRequest,0.7881031035560481
low,Ridge with old config,No correction,ID_CategoryServlet_handleGETRequest,0.8677012674493769
low,Ridge with old config,No correction,ID_ProductServlet_handleGETRequest,0.8833810548726844
low,Ridge with old config,No correction,ID_CartActionServlet_handleGETRequest,0.8597635065005662
low,Ridge with old config,No correction,ID_ProfileServlet_handleGETRequest,0.896164438194524
low,DT with PR3,No correction,ID_LoginActionServlet_handlePOSTRequest,0.7728254188353646
low,DT with PR3,No correction,ID_CategoryServlet_handleGETRequest,0.8689513214046841
low,DT with PR3,No correction,ID_ProductServlet_handleGETRequest,0.8859946745663189
low,DT with PR3,No correction,ID_CartActionServlet_handleGETRequest,0.8506137438432025
low,DT with PR3,No correction,ID_ProfileServlet_handleGETRequest,0.8985346283498341
low,DT with PR3,One correction,ID_LoginActionServlet_handlePOSTRequest,0.7324806171649645
low,DT with PR3,One correction,ID_CategoryServlet_handleGETRequest,0.8697377956466196
low,DT with PR3,One correction,ID_ProductServlet_handleGETRequest,0.8781825303298019
low,DT with PR3,One correction,ID_CartActionServlet_handleGETRequest,0.7949645907859353
low,DT with PR3,One correction,ID_ProfileServlet_handleGETRequest,0.8675184676316042
low,Ridge with PR3,One correction,ID_LoginActionServlet_handlePOSTRequest,0.7490940343124606
low,Ridge with PR3,One correction,ID_CategoryServlet_handleGETRequest,0.8595759928597628
low,Ridge with PR3,One correction,ID_ProductServlet_handleGETRequest,0.8827416983506622
low,Ridge with PR3,One correction,ID_CartActionServlet_handleGETRequest,0.8512784055492374
low,Ridge with PR3,One correction,ID_ProfileServlet_handleGETRequest,0.8820820040784738
low,Ridge with PR3,No correction,ID_LoginActionServlet_handlePOSTRequest,0.7773014305175749
low,Ridge with PR3,No correction,ID_CategoryServlet_handleGETRequest,0.8679969633076097
low,Ridge with PR3,No correction,ID_ProductServlet_handleGETRequest,0.8852675546399129
low,Ridge with PR3,No correction,ID_CartActionServlet_handleGETRequest,0.8605595149906385
low,Ridge with PR3,No correction,ID_ProfileServlet_handleGETRequest,0.8981013841700484
low,Ridge without PR3,One correction,ID_LoginActionServlet_handlePOSTRequest,0.23375446311945405
low,Ridge without PR3,One correction,ID_CategoryServlet_handleGETRequest,0.8578199528252235
low,Ridge without PR3,One correction,ID_ProductServlet_handleGETRequest,0.8806723070077205
low,Ridge without PR3,One correction,ID_CartActionServlet_handleGETRequest,0.859026989326636
low,Ridge without PR3,One correction,ID_ProfileServlet_handleGETRequest,0.8954849685847873
low,Ridge without PR3,No correction,ID_LoginActionServlet_handlePOSTRequest,0.2908588985599604
low,Ridge without PR3,No correction,ID_CategoryServlet_handleGETRequest,0.8498068392399311
low,Ridge without PR3,No correction,ID_ProductServlet_handleGETRequest,0.8806117025616255
low,Ridge without PR3,No correction,ID_CartActionServlet_handleGETRequest,0.8541583099192779
low,Ridge without PR3,No correction,ID_ProfileServlet_handleGETRequest,0.8965520235599389
low,DT with old config,One correction,ID_LoginActionServlet_handlePOSTRequest,0.6846634288999685
low,DT with old config,One correction,ID_CategoryServlet_handleGETRequest,0.7703274641950991
low,DT with old config,One correction,ID_ProductServlet_handleGETRequest,0.7615601898875488
low,DT with old config,One correction,ID_CartActionServlet_handleGETRequest,0.7949962881929579
low,DT with old config,One correction,ID_ProfileServlet_handleGETRequest,0.7785424714555904
low,DT with old config,No correction,ID_LoginActionServlet_handlePOSTRequest,0.7725476932502887
low,DT with old config,No correction,ID_CategoryServlet_handleGETRequest,0.7198881859016107
low,DT with old config,No correction,ID_ProductServlet_handleGETRequest,0.730231885490716
low,DT with old config,No correction,ID_CartActionServlet_handleGETRequest,0.8468956559201963
low,DT with old config,No correction,ID_ProfileServlet_handleGETRequest,0.7708644851495239
low2,DT without PR3,No correction,ID_LoginActionServlet_handlePOSTRequest,0.6010360130334605
low2,DT without PR3,No correction,ID_CategoryServlet_handleGETRequest,0.5191406510792501
low2,DT without PR3,No correction,ID_ProductServlet_handleGETRequest,0.7152290521899185
low2,DT without PR3,No correction,ID_CartActionServlet_handleGETRequest,0.5745728997009498
low2,DT without PR3,No correction,ID_ProfileServlet_handleGETRequest,0.4847438225172453
low2,DT without PR3,One correction,ID_LoginActionServlet_handlePOSTRequest,0.6103721020610126
low2,DT without PR3,One correction,ID_CategoryServlet_handleGETRequest,0.530654785671458
low2,DT without PR3,One correction,ID_ProductServlet_handleGETRequest,0.6906122640589615
low2,DT without PR3,One correction,ID_CartActionServlet_handleGETRequest,0.5764927154241907
low2,DT without PR3,One correction,ID_ProfileServlet_handleGETRequest,0.4661028400778742
low2,Ridge with old config,One correction,ID_LoginActionServlet_handlePOSTRequest,0.6266207730754687
low2,Ridge with old config,One correction,ID_CategoryServlet_handleGETRequest,0.7233415696664258
low2,Ridge with old config,One correction,ID_ProductServlet_handleGETRequest,0.7064486840260119
low2,Ridge with old config,One correction,ID_CartActionServlet_handleGETRequest,0.640314698704505
low2,Ridge with old config,One correction,ID_ProfileServlet_handleGETRequest,0.52465922488901
low2,Ridge with old config,No correction,ID_LoginActionServlet_handlePOSTRequest,0.7457080594773826
low2,Ridge with old config,No correction,ID_CategoryServlet_handleGETRequest,0.7668740467450551
low2,Ridge with old config,No correction,ID_ProductServlet_handleGETRequest,0.7565082319616725
low2,Ridge with old config,No correction,ID_CartActionServlet_handleGETRequest,0.6720795601471679
low2,Ridge with old config,No correction,ID_ProfileServlet_handleGETRequest,0.6066211234902579
low2,DT with PR3,No correction,ID_LoginActionServlet_handlePOSTRequest,0.7271746335787975
low2,DT with PR3,No correction,ID_CategoryServlet_handleGETRequest,0.778476444691224
low2,DT with PR3,No correction,ID_ProductServlet_handleGETRequest,0.763297098432447
low2,DT with PR3,No correction,ID_CartActionServlet_handleGETRequest,0.6797564562195365
low2,DT with PR3,No correction,ID_ProfileServlet_handleGETRequest,0.6282651322949979
low2,DT with PR3,One correction,ID_LoginActionServlet_handlePOSTRequest,0.6714864809845051
low2,DT with PR3,One correction,ID_CategoryServlet_handleGETRequest,0.7508986864252746
low2,DT with PR3,One correction,ID_ProductServlet_handleGETRequest,0.7042809992153473
low2,DT with PR3,One correction,ID_CartActionServlet_handleGETRequest,0.5791332851982806
low2,DT with PR3,One correction,ID_ProfileServlet_handleGETRequest,0.5223859015271164
low2,Ridge with PR3,One correction,ID_LoginActionServlet_handlePOSTRequest,0.6756897698271317
low2,Ridge with PR3,One correction,ID_CategoryServlet_handleGETRequest,0.7471105834334927
low2,Ridge with PR3,One correction,ID_ProductServlet_handleGETRequest,0.7421023601556385
low2,Ridge with PR3,One correction,ID_CartActionServlet_handleGETRequest,0.6599270449764439
low2,Ridge with PR3,One correction,ID_ProfileServlet_handleGETRequest,0.5120896441857473
low2,Ridge with PR3,No correction,ID_LoginActionServlet_handlePOSTRequest,0.7408598588502631
low2,Ridge with PR3,No correction,ID_CategoryServlet_handleGETRequest,0.7749423428421189
low2,Ridge with PR3,No correction,ID_ProductServlet_handleGETRequest,0.7605382142849701
low2,Ridge with PR3,No correction,ID_CartActionServlet_handleGETRequest,0.6794712535184854
low2,Ridge with PR3,No correction,ID_ProfileServlet_handleGETRequest,0.6072841151380446
low2,Ridge without PR3,One correction,ID_LoginActionServlet_handlePOSTRequest,0.4274859763014851
low2,Ridge without PR3,One correction,ID_CategoryServlet_handleGETRequest,0.7278495942752071
low2,Ridge without PR3,One correction,ID_ProductServlet_handleGETRequest,0.7643399020310446
low2,Ridge without PR3,One correction,ID_CartActionServlet_handleGETRequest,0.6710063840848828
low2,Ridge without PR3,One correction,ID_ProfileServlet_handleGETRequest,0.5765848516138774
low2,Ridge without PR3,No correction,ID_LoginActionServlet_handlePOSTRequest,0.42097743987906144
low2,Ridge without PR3,No correction,ID_CategoryServlet_handleGETRequest,0.72794326420226
low2,Ridge without PR3,No correction,ID_ProductServlet_handleGETRequest,0.7610897930049355
low2,Ridge without PR3,No correction,ID_CartActionServlet_handleGETRequest,0.6685037075066004
low2,Ridge without PR3,No correction,ID_ProfileServlet_handleGETRequest,0.5764966581150099
low2,DT with old config,One correction,ID_LoginActionServlet_handlePOSTRequest,0.5969935924966077
low2,DT with old config,One correction,ID_CategoryServlet_handleGETRequest,0.6730674612313011
low2,DT with old config,One correction,ID_ProductServlet_handleGETRequest,0.6549759436080913
low2,DT with old config,One correction,ID_CartActionServlet_handleGETRequest,0.6041414364244497
low2,DT with old config,One correction,ID_ProfileServlet_handleGETRequest,0.49996843691256454
low2,DT with old config,No correction,ID_LoginActionServlet_handlePOSTRequest,0.7349063004427243
low2,DT with old config,No correction,ID_CategoryServlet_handleGETRequest,0.6752490550579984
low2,DT with old config,No correction,ID_ProductServlet_handleGETRequest,0.6719270855631759
low2,DT with old config,No correction,ID_CartActionServlet_handleGETRequest,0.6731399794894668
low2,DT with old config,No correction,ID_ProfileServlet_handleGETRequest,0.5478809815476127
med,DT without PR3,No correction,ID_LoginActionServlet_handlePOSTRequest,0.5025478839747214
med,DT without PR3,No correction,ID_CategoryServlet_handleGETRequest,0.6851124991541893
med,DT without PR3,No correction,ID_ProductServlet_handleGETRequest,0.7457879139913453
med,DT without PR3,No correction,ID_CartActionServlet_handleGETRequest,0.4712664799167234
med,DT without PR3,No correction,ID_ProfileServlet_handleGETRequest,0.3942994558928469
med,DT without PR3,One correction,ID_LoginActionServlet_handlePOSTRequest,0.4913997319695793
med,DT without PR3,One correction,ID_CategoryServlet_handleGETRequest,0.6692653555797914
med,DT without PR3,One correction,ID_ProductServlet_handleGETRequest,0.7253285466026129
med,DT without PR3,One correction,ID_CartActionServlet_handleGETRequest,0.4341271846512679
med,DT without PR3,One correction,ID_ProfileServlet_handleGETRequest,0.40449577993722485
med,Ridge with old config,One correction,ID_LoginActionServlet_handlePOSTRequest,0.5188418899212528
med,Ridge with old config,One correction,ID_CategoryServlet_handleGETRequest,0.6900126914639636
med,Ridge with old config,One correction,ID_ProductServlet_handleGETRequest,0.7146388826628164
med,Ridge with old config,One correction,ID_CartActionServlet_handleGETRequest,0.5842715602832455
med,Ridge with old config,One correction,ID_ProfileServlet_handleGETRequest,0.4331501297623683
med,Ridge with old config,No correction,ID_LoginActionServlet_handlePOSTRequest,0.6069034222241708
med,Ridge with old config,No correction,ID_CategoryServlet_handleGETRequest,0.7600240193956629
med,Ridge with old config,No correction,ID_ProductServlet_handleGETRequest,0.7640368015775821
med,Ridge with old config,No correction,ID_CartActionServlet_handleGETRequest,0.622993722992496
med,Ridge with old config,No correction,ID_ProfileServlet_handleGETRequest,0.4898455503311884
med,DT with PR3,No correction,ID_LoginActionServlet_handlePOSTRequest,0.5522113696532923
med,DT with PR3,No correction,ID_CategoryServlet_handleGETRequest,0.7521867261796018
med,DT with PR3,No correction,ID_ProductServlet_handleGETRequest,0.7333175132891887
med,DT with PR3,No correction,ID_CartActionServlet_handleGETRequest,0.6077095963466191
med,DT with PR3,No correction,ID_ProfileServlet_handleGETRequest,0.47457515602195904
med,DT with PR3,One correction,ID_LoginActionServlet_handlePOSTRequest,0.4235128023172355
med,DT with PR3,One correction,ID_CategoryServlet_handleGETRequest,0.7061413449247065
med,DT with PR3,One correction,ID_ProductServlet_handleGETRequest,0.6072765181622767
med,DT with PR3,One correction,ID_CartActionServlet_handleGETRequest,0.4538001122695618
med,DT with PR3,One correction,ID_ProfileServlet_handleGETRequest,0.31835036645536463
med,Ridge with PR3,One correction,ID_LoginActionServlet_handlePOSTRequest,0.5348946815829969
med,Ridge with PR3,One correction,ID_CategoryServlet_handleGETRequest,0.7068139134589901
med,Ridge with PR3,One correction,ID_ProductServlet_handleGETRequest,0.7077902879329743
med,Ridge with PR3,One correction,ID_CartActionServlet_handleGETRequest,0.5776310765198454
med,Ridge with PR3,One correction,ID_ProfileServlet_handleGETRequest,0.418581391652229
med,Ridge with PR3,No correction,ID_LoginActionServlet_handlePOSTRequest,0.6021967460235863
med,Ridge with PR3,No correction,ID_CategoryServlet_handleGETRequest,0.7567047711017869
med,Ridge with PR3,No correction,ID_ProductServlet_handleGETRequest,0.7633266350615293
med,Ridge with PR3,No correction,ID_CartActionServlet_handleGETRequest,0.6224621790297011
med,Ridge with PR3,No correction,ID_ProfileServlet_handleGETRequest,0.4856062534594758
med,Ridge without PR3,One correction,ID_LoginActionServlet_handlePOSTRequest,0.5302538045067651
med,Ridge without PR3,One correction,ID_CategoryServlet_handleGETRequest,0.7383046350047711
med,Ridge without PR3,One correction,ID_ProductServlet_handleGETRequest,0.7579995194114592
med,Ridge without PR3,One correction,ID_CartActionServlet_handleGETRequest,0.6177194711966157
med,Ridge without PR3,One correction,ID_ProfileServlet_handleGETRequest,0.45701046827487324
med,Ridge without PR3,No correction,ID_LoginActionServlet_handlePOSTRequest,0.5325803161529448
med,Ridge without PR3,No correction,ID_CategoryServlet_handleGETRequest,0.7400822223495697
med,Ridge without PR3,No correction,ID_ProductServlet_handleGETRequest,0.7586153976173551
med,Ridge without PR3,No correction,ID_CartActionServlet_handleGETRequest,0.6194478111744861
med,Ridge without PR3,No correction,ID_ProfileServlet_handleGETRequest,0.45573100491746016
med,DT with old config,One correction,ID_LoginActionServlet_handlePOSTRequest,0.5309616045193897
med,DT with old config,One correction,ID_CategoryServlet_handleGETRequest,0.6739529913693145
med,DT with old config,One correction,ID_ProductServlet_handleGETRequest,0.6730527299050518
med,DT with old config,One correction,ID_CartActionServlet_handleGETRequest,0.545832464783442
med,DT with old config,One correction,ID_ProfileServlet_handleGETRequest,0.35267334847460535
med,DT with old config,No correction,ID_LoginActionServlet_handlePOSTRequest,0.6048756592539485
med,DT with old config,No correction,ID_CategoryServlet_handleGETRequest,0.7059134992222282
med,DT with old config,No correction,ID_ProductServlet_handleGETRequest,0.722320762505917
med,DT with old config,No correction,ID_CartActionServlet_handleGETRequest,0.6213516265280582
med,DT with old config,No correction,ID_ProfileServlet_handleGETRequest,0.46795451865564075
high,DT without PR3,No correction,ID_LoginActionServlet_handlePOSTRequest,0.4044474773921442
high,DT without PR3,No correction,ID_CategoryServlet_handleGETRequest,0.6609879985728283
high,DT without PR3,No correction,ID_ProductServlet_handleGETRequest,0.7497262228735125
high,DT without PR3,No correction,ID_CartActionServlet_handleGETRequest,0.4688015329274279
high,DT without PR3,No correction,ID_ProfileServlet_handleGETRequest,0.28536476017649737
high,DT without PR3,One correction,ID_LoginActionServlet_handlePOSTRequest,0.3970674523671738
high,DT without PR3,One correction,ID_CategoryServlet_handleGETRequest,0.6385944394104192
high,DT without PR3,One correction,ID_ProductServlet_handleGETRequest,0.7275743871806029
high,DT without PR3,One correction,ID_CartActionServlet_handleGETRequest,0.4364888079866669
high,DT without PR3,One correction,ID_ProfileServlet_handleGETRequest,0.3126181776333908
high,Ridge with old config,One correction,ID_LoginActionServlet_handlePOSTRequest,0.4433031967780116
high,Ridge with old config,One correction,ID_CategoryServlet_handleGETRequest,0.6294094936613951
high,Ridge with old config,One correction,ID_ProductServlet_handleGETRequest,0.6955709265181559
high,Ridge with old config,One correction,ID_CartActionServlet_handleGETRequest,0.5073664185464462
high,Ridge with old config,One correction,ID_ProfileServlet_handleGETRequest,0.3888515948538086
high,Ridge with old config,No correction,ID_LoginActionServlet_handlePOSTRequest,0.523059015572952
high,Ridge with old config,No correction,ID_CategoryServlet_handleGETRequest,0.7296576947796781
high,Ridge with old config,No correction,ID_ProductServlet_handleGETRequest,0.7771990514655295
high,Ridge with old config,No correction,ID_CartActionServlet_handleGETRequest,0.5579918327457294
high,Ridge with old config,No correction,ID_ProfileServlet_handleGETRequest,0.4271497171549353
high,DT with PR3,No correction,ID_LoginActionServlet_handlePOSTRequest,0.47258436225539124
high,DT with PR3,No correction,ID_CategoryServlet_handleGETRequest,0.7171513128476741
high,DT with PR3,No correction,ID_ProductServlet_handleGETRequest,0.7355478212030498
high,DT with PR3,No correction,ID_CartActionServlet_handleGETRequest,0.533435310164415
high,DT with PR3,No correction,ID_ProfileServlet_handleGETRequest,0.3492377930516283
high,DT with PR3,One correction,ID_LoginActionServlet_handlePOSTRequest,0.3394988478688133
high,DT with PR3,One correction,ID_CategoryServlet_handleGETRequest,0.6605727882677334
high,DT with PR3,One correction,ID_ProductServlet_handleGETRequest,0.6288439289669091
high,DT with PR3,One correction,ID_CartActionServlet_handleGETRequest,0.3594775975319481
high,DT with PR3,One correction,ID_ProfileServlet_handleGETRequest,0.26017375515805036
high,Ridge with PR3,One correction,ID_LoginActionServlet_handlePOSTRequest,0.45893304487531966
high,Ridge with PR3,One correction,ID_CategoryServlet_handleGETRequest,0.6726714575733881
high,Ridge with PR3,One correction,ID_ProductServlet_handleGETRequest,0.7059114565098492
high,Ridge with PR3,One correction,ID_CartActionServlet_handleGETRequest,0.5154720568246284
high,Ridge with PR3,One correction,ID_ProfileServlet_handleGETRequest,0.38039677563374424
high,Ridge with PR3,No correction,ID_LoginActionServlet_handlePOSTRequest,0.5003489095186476
high,Ridge with PR3,No correction,ID_CategoryServlet_handleGETRequest,0.7150186302918605
high,Ridge with PR3,No correction,ID_ProductServlet_handleGETRequest,0.7593171025302319
high,Ridge with PR3,No correction,ID_CartActionServlet_handleGETRequest,0.5415603054633717
high,Ridge with PR3,No correction,ID_ProfileServlet_handleGETRequest,0.4153796760906469
high,Ridge without PR3,One correction,ID_LoginActionServlet_handlePOSTRequest,0.5093773426625086
high,Ridge without PR3,One correction,ID_CategoryServlet_handleGETRequest,0.7319726299564103
high,Ridge without PR3,One correction,ID_ProductServlet_handleGETRequest,0.7860204132663277
high,Ridge without PR3,One correction,ID_CartActionServlet_handleGETRequest,0.5633742443829605
high,Ridge without PR3,One correction,ID_ProfileServlet_handleGETRequest,0.40536870032949746
high,Ridge without PR3,No correction,ID_LoginActionServlet_handlePOSTRequest,0.5143401596459991
high,Ridge without PR3,No correction,ID_CategoryServlet_handleGETRequest,0.7346032014340143
high,Ridge without PR3,No correction,ID_ProductServlet_handleGETRequest,0.7925359944905664
high,Ridge without PR3,No correction,ID_CartActionServlet_handleGETRequest,0.5677971265295071
high,Ridge without PR3,No correction,ID_ProfileServlet_handleGETRequest,0.4100958025922524
high,DT with old config,One correction,ID_LoginActionServlet_handlePOSTRequest,0.45782294937261836
high,DT with old config,One correction,ID_CategoryServlet_handleGETRequest,0.6328823581902826
high,DT with old config,One correction,ID_ProductServlet_handleGETRequest,0.6786265530011029
high,DT with old config,One correction,ID_CartActionServlet_handleGETRequest,0.4858073981060332
high,DT with old config,One correction,ID_ProfileServlet_handleGETRequest,0.331803641271891
high,DT with old config,No correction,ID_LoginActionServlet_handlePOSTRequest,0.5257085068021906
high,DT with old config,No correction,ID_CategoryServlet_handleGETRequest,0.6708002377544812
high,DT with old config,No correction,ID_ProductServlet_handleGETRequest,0.7138791589349166
high,DT with old config,No correction,ID_CartActionServlet_handleGETRequest,0.5556521328577736
high,DT with old config,No correction,ID_ProfileServlet_handleGETRequest,0.388843702506977
